<rpc xmlns="urn:ietf:params:xml:ns:netconf:base:1.0" message-id="101">
  <edit-config>
    <target><running/></target>
    <config>
      <acls xmlns="urn:ietf:params:xml:ns:yang:ietf-access-control-list">
        <acl>
          <name>NETCONF_acl</name>
          <aces>
            <ace>
              <name>NETCONF_acl</name>
              <matches>
                <eth>
                  <source-mac-address xmlns:nc="urn:ietf:params:xml:ns:netconf:base:1.0" nc:operation="remove">55:12:66:ac:12:1d</source-mac-address>
                </eth>
              </matches>
              <actions>
                <forwarding>accept</forwarding>
              </actions>
            </ace>
          </aces>
        </acl>
      </acls>
    </config>
  </edit-config>
</rpc>
