<rpc xmlns="urn:ietf:params:xml:ns:netconf:base:1.0" message-id="101">
  <edit-config>
    <target>
      <running/>
    </target>
    <config>
      <acls xmlns="urn:ietf:params:xml:ns:yang:ietf-access-control-list">
        <acl xmlns:nc="urn:ietf:params:xml:ns:netconf:base:1.0" nc:operation="delete">
          <name>NETCONF_acl</name>
          <aces>
            <ace>
              <name>NETCONF_acl</name>
            </ace>
          </aces>
        </acl>
      </acls>
    </config>
  </edit-config>
</rpc>
