<rpc xmlns="urn:ietf:params:xml:ns:netconf:base:1.0" message-id="101">
  <edit-config>
    <target><running/></target>
    <config>
      <system xmlns="urn:ietf:params:xml:ns:yang:ietf-system">
        <contact xmlns:nc="urn:ietf:params:xml:ns:netconf:base:1.0" nc:operation="merge">NETCONF_contact_mer</contact>
        <hostname xmlns:nc="urn:ietf:params:xml:ns:netconf:base:1.0" nc:operation="merge">NETCONF_hostname_mer</hostname>
        <location xmlns:nc="urn:ietf:params:xml:ns:netconf:base:1.0" nc:operation="merge">NETCONF_location_mer</location>
      </system>
    </config>
  </edit-config>
</rpc>
